Website,url
Bloomberg,www.bloomberg.com
Market Watch,www.marketwatch.com
CNBC,www.cnbc.com
Reuters,www.reuters.com
Investing.com,www.investing.com
The Wall Street Journal,www.wsj.com
The Financial Times,www.ft.com
Seeking Alpha,www.seekingalpha.com
Google Finance,finance.google.com
Fox Business,www.foxbusiness.com
CNN,www.cnn.com
The New York Times,www.nytimes.com
NASDAQ,www.nasdaq.com
Yahoo! Finance,finance.yahoo.com
DailyFX,www.dailyfx.com
StreetInsider.com,www.streetinsider.com
The Motley Fool,www.fool.com
Forbes,www.forbes.com
Investor's Business Daily,www.investors.com
INO.com,www.ino.com
Money Control,www.moneycontrol.com
AlphaStreet,news.alphastreet.com
Stocks News Feed,www.stocksnewsfeed.com
Benzinga,www.benzinga.com
The Economist,www.economist.com
Barron's,www.barrons.com
MSN Money,www.msn.com/en-us/money/markets
Investopedia,www.investopedia.com
Money Morning,www.moneymorning.com
The Street,www.thestreet.com
Kiplinger,www.kiplinger.com
International Business Times,www.ibtimes.com
Morningstar,www.morningstar.com
Fortune,www.fortune.com
Business Standard,www.business-standard.com
Stocks(Reddit),reddit.com/r/stocks
StockMarket(Reddit),reddit.com/r/StockMarket